{
  "evaluation_timestamp": "20250821_180505",
  "processing_method": "per_note",
  "total_admissions": 139,
  "api_errors": 0,
  "manual_labels_metrics": {
    "subset_accuracy": 0.6906474820143885,
    "hamming_loss": 0.050359712230215826,
    "micro_precision": 0.8333333333333334,
    "micro_recall": 0.8695652173913043,
    "micro_f1": 0.851063829787234,
    "macro_precision": 0.6748560275813944,
    "macro_recall": 0.6391716839992702,
    "macro_f1": 0.640813369011565,
    "weighted_precision": 0.8460442237217373,
    "weighted_recall": 0.8695652173913043,
    "weighted_f1": 0.8486726307845862,
    "per_class_metrics": {
      "V600": {
        "precision": 0.9150943396226415,
        "recall": 1.0,
        "f1": 0.9556650246305419,
        "support": 97
      },
      "V602": {
        "precision": 0.75,
        "recall": 0.75,
        "f1": 0.75,
        "support": 8
      },
      "V604": {
        "precision": 0.5,
        "recall": 0.75,
        "f1": 0.6,
        "support": 12
      },
      "V620": {
        "precision": 0.696969696969697,
        "recall": 0.8214285714285714,
        "f1": 0.7540983606557378,
        "support": 28
      },
      "V625": {
        "precision": 1.0,
        "recall": 0.5333333333333333,
        "f1": 0.6956521739130436,
        "support": 15
      },
      "V1541": {
        "precision": 0.7857142857142857,
        "recall": 0.7857142857142857,
        "f1": 0.7857142857142857,
        "support": 14
      },
      "V1542": {
        "precision": 0.5,
        "recall": 0.25,
        "f1": 0.3333333333333333,
        "support": 4
      },
      "V1584": {
        "precision": 0.0,
        "recall": 0.0,
        "f1": 0.0,
        "support": 0
      },
      "V6141": {
        "precision": 0.9259259259259259,
        "recall": 0.8620689655172413,
        "f1": 0.8928571428571429,
        "support": 29
      }
    }
  },
  "true_codes_metrics": {
    "subset_accuracy": 0.4892086330935252,
    "hamming_loss": 0.09272581934452438,
    "micro_precision": 0.5462962962962963,
    "micro_recall": 0.8676470588235294,
    "micro_f1": 0.6704545454545455,
    "macro_precision": 0.2840049441202481,
    "macro_recall": 0.5495370370370369,
    "macro_f1": 0.3223829993576745,
    "weighted_precision": 0.7622507812921243,
    "weighted_recall": 0.8676470588235294,
    "weighted_f1": 0.7878211548882835,
    "per_class_metrics": {
      "V600": {
        "precision": 0.8867924528301887,
        "recall": 0.9791666666666666,
        "f1": 0.9306930693069307,
        "support": 96
      },
      "V602": {
        "precision": 0.5,
        "recall": 0.8,
        "f1": 0.6153846153846154,
        "support": 5
      },
      "V604": {
        "precision": 0.1111111111111111,
        "recall": 0.6666666666666666,
        "f1": 0.1904761904761905,
        "support": 3
      },
      "V620": {
        "precision": 0.18181818181818182,
        "recall": 1.0,
        "f1": 0.3076923076923077,
        "support": 6
      },
      "V625": {
        "precision": 0.125,
        "recall": 0.5,
        "f1": 0.2,
        "support": 2
      },
      "V1541": {
        "precision": 0.7142857142857143,
        "recall": 0.5,
        "f1": 0.588235294117647,
        "support": 20
      },
      "V1542": {
        "precision": 0.0,
        "recall": 0.0,
        "f1": 0.0,
        "support": 2
      },
      "V1584": {
        "precision": 0.0,
        "recall": 0.0,
        "f1": 0.0,
        "support": 0
      },
      "V6141": {
        "precision": 0.037037037037037035,
        "recall": 0.5,
        "f1": 0.06896551724137931,
        "support": 2
      }
    }
  }
}